,temp_diff,m_avg_dissolved_oxygen
733,1.2749999999999986,1.7813953488372092
122,4.300000000000001,1.23375
113,2.9134615384615383,6.16
14,4.827586206896548,3.179310344827586
271,5.052777777777777,4.473333333333333
103,7.925000000000001,1.5150000000000001
285,11.727272727272725,0.007272727272727273
404,1.7743421052631554,1.2984210526315791
564,8.839166666666664,0.16833333333333336
460,12.896590909090909,1.634848484848485
31,12.081854838709678,4.22258064516129
443,6.171428571428571,0.10857142857142857
380,1.401315789473685,1.4421052631578946
713,1.5,1.7813953488372092
735,1.375,1.7813953488372092
623,6.6,1.7813953488372092
250,12.241025641025644,0.158974358974359
55,6.899999999999999,1.2625
476,3.013709677419355,2.8096774193548386
363,0.5041666666666664,3.6750000000000003
415,2.1125000000000007,1.404
424,2.0599999999999987,6.58
351,1.2199999999999989,1.6350000000000002
350,2.496923076923075,1.6423076923076925
27,5.529999999999998,1.4285714285714286
593,6.758333333333333,0.25666666666666665
479,8.998437499999998,0.1171875
742,1.9761904761904745,1.7813953488372092
79,9.451851851851853,2.8074074074074074
493,9.609469696969697,0.7727272727272727
542,2.0686538461538504,2.504153846153846
463,7.1453358208955216,0.47164179104477616
527,12.217708333333333,0.8093750000000001
312,0.3199999999999985,6.926666666666667
661,9.449999999999998,1.7813953488372092
402,4.146000000000001,1.554
646,-0.15000000000000036,1.7813953488372092
157,5.613109756097565,0.8512195121951219
251,6.216666666666669,0.8395833333333335
40,1.644642857142859,1.7642857142857142
708,4.674999999999999,1.7813953488372092
352,0.23249999999999815,3.4799999999999995
392,1.8713043478260865,3.005217391304348
193,1.5092105263157904,2.9157894736842103
8,6.90243243243243,2.2270270270270274
145,3.638333333333332,2.2486666666666664
408,3.8166666666666664,0.10071428571428571
417,0.8666666666666671,3.5693333333333332
172,6.875925925925925,5.537037037037037
198,2.8690476190476204,1.5642857142857143
576,10.839062499999997,0.6625
142,6.412318840579708,7.104782608695652
214,9.029090909090911,0.9454545454545454
235,5.973571428571429,3.255357142857143
449,0.93333333333333,1.02
75,2.6374999999999993,1.51875
1,8.042500000000004,7.085000000000001
301,11.103333333333332,3.24
676,1.0750000000000028,1.7813953488372092
196,7.190612244897963,1.273469387755102
764,2.549999999999997,0.24
624,4.513690476190476,1.7813953488372092
462,10.0205223880597,0.07313432835820896
397,0.9624999999999986,4.1078947368421055
575,10.491666666666664,0.5645833333333333
241,7.548863636363638,3.588636363636364
504,8.907710843373494,0.7075757575757576
549,8.189523809523811,2.9309523809523808
249,12.975872093023256,0.19767441860465115
389,0.490000000000002,7.6245
622,0.8499999999999996,1.7813953488372092
252,0.648706896551726,3.0413793103448277
734,5.274999999999999,1.7813953488372092
267,8.84333333333333,0.5256666666666666
580,8.777083333333334,0.8093750000000001
586,10.122499999999999,0.8225
303,6.357142857142861,0.5357142857142857
382,0.14000000000000057,8.365
416,0.4599999999999973,2.8074999999999997
636,6.550000000000001,1.7813953488372092
679,8.049999999999999,1.7813953488372092
150,4.725000000000001,0.7992857142857144
85,6.090384615384615,2.0923076923076924
302,9.592857142857142,0.1785714285714286
657,6.0,1.7813953488372092
337,1.1199999999999974,7.6899999999999995
558,15.457812500000001,0.5328125
18,5.442028985507246,8.02608695652174
718,1.4000000000000021,1.7813953488372092
605,6.5719696969696955,3.735454545454545
743,8.226190476190478,1.7813953488372092
210,0.7959459459459453,2.5459459459459457
222,0.7773584905660371,2.060377358490566
50,5.670833333333334,0.5133333333333333
615,5.736666666666668,0.66
584,0.24435483870967545,3.635483870967742
654,4.333333333333329,1.7813953488372092
395,0.9789473684210535,4.883684210526316
39,7.696756756756756,0.1972972972972973
477,8.66875,4.147916666666666
413,3.897500000000001,2.726
156,8.2248275862069,0.960344827586207
10,3.453125,1.3031249999999999
68,5.319444444444443,0.07222222222222223
487,11.512878787878787,0.6696969696969698
518,2.4053571428571434,1.584126984126984
534,15.031460674157303,1.0373626373626375
401,2.74,8.033999999999999
596,5.0088709677419345,0.19225806451612903
2,6.379310344827587,3.7517241379310344
758,0.75,7.98
315,3.6400000000000006,1.7813953488372092
215,5.722023809523812,2.019047619047619
181,9.684000000000005,1.034
162,10.421481481481479,1.5018518518518518
204,1.7133333333333347,2.83
756,1.4499999999999993,0.44
355,1.8824999999999967,1.385
334,2.732499999999998,1.355
760,6.899999999999999,0.12
243,8.033461538461538,0.0923076923076923
360,2.056000000000001,2.948
630,6.376190476190473,1.7813953488372092
757,1.1499999999999986,2.1149999999999998
650,1.1666666666666679,1.7813953488372092
692,3.1000000000000014,1.7813953488372092
187,5.369444444444444,0.51
750,3.1999999999999993,0.1
741,7.2261904761904745,1.7813953488372092
738,12.276190476190475,1.7813953488372092
71,8.901666666666667,5.725
49,8.704285714285714,2.1357142857142857
366,3.0683333333333316,2.704166666666667
369,0.7607142857142826,3.314285714285714
572,7.120312499999999,1.54859375
37,8.615624999999998,3.7375
685,2.8500000000000014,1.7813953488372092
48,6.159166666666664,5.489999999999999
506,1.7352941176470615,2.1
435,0.8375000000000021,7.781000000000001
338,5.127500000000001,1.28
272,8.20107526881721,0.42467741935483866
316,3.1000000000000014,1.7813953488372092
76,0.9200000000000017,4.74
64,0.6750000000000007,3.871428571428571
608,5.5511788617886175,0.44390243902439025
52,1.335714285714289,1.8285714285714287
436,7.850000000000001,0.1775
516,8.159277108433734,0.7650602409638554
473,16.75463414634146,0.6816326530612244
570,14.064062500000002,1.29421875
704,3.7749999999999986,1.7813953488372092
293,3.341666666666665,0.4388888888888889
236,5.442142857142855,1.1414285714285715
465,7.546346153846155,6.22
118,-0.15714285714285836,4.852857142857142
255,12.009130434782609,0.811304347826087
202,7.830681818181816,1.106818181818182
746,0.05000000000000071,1.7813953488372092
419,1.2719999999999985,2.6376
317,1.0666666666666629,4.535
97,7.451666666666664,2.066666666666667
695,0.5249999999999986,1.7813953488372092
247,7.253289473684211,5.205263157894737
364,0.0,5.38
412,3.81666666666667,4.248666666666667
502,8.770149253731342,1.6865671641791045
522,15.747202797202796,0.9236363636363636
175,5.001818181818184,0.9763636363636364
603,4.897580645161291,0.42064516129032253
268,8.45,0.17950000000000002
17,-0.26750000000000185,5.385
612,9.731666666666666,2.947666666666666
261,11.278421052631582,0.5
240,0.38249999999999673,1.7813953488372092
468,12.397947761194029,0.48208955223880595
409,1.9243421052631575,0.7863157894736842
702,5.325000000000001,1.7813953488372092
239,3.208148148148151,1.4296296296296296
170,6.019615384615385,1.7813953488372092
689,0.875,1.7813953488372092
283,7.68,0.524
45,4.74794871794872,0.48461538461538456
319,4.5275,0.0
62,5.883333333333333,0.7040000000000001
78,11.871428571428574,5.3
294,0.8428571428571416,2.1285714285714286
299,3.5989855072463754,0.8360869565217391
346,4.774000000000001,4.5680000000000005
140,2.5378787878787854,0.3645454545454545
374,-0.009239130434782084,6.495652173913044
566,1.1744444444444433,3.4384444444444444
127,6.536111111111108,1.4455555555555555
496,9.082835820895522,0.7238805970149254
467,13.027283950617287,0.7647058823529411
583,3.7484375000000014,0.5734375
144,5.085714285714282,0.5678571428571428
266,9.378,0.8036
21,3.5930555555555586,3.6555555555555554
621,1.125,1.7813953488372092
403,3.4780000000000015,0.1012
35,0.06904761904761614,4.5
495,6.576865671641791,3.392537313432836
253,5.9125,4.2088
306,0.17424242424242564,2.7954545454545454
77,3.0057971014492733,7.404347826086956
681,4.3750000000000036,1.7813953488372092
546,9.706818181818178,0.09886363636363638
279,7.311666666666664,0.118125
109,7.050000000000001,0.7741666666666668
231,12.063461538461539,1.8634615384615385
511,7.439015151515154,1.9937500000000001
101,3.1000000000000014,6.7250000000000005
313,1.9099999999999984,8.946666666666665
92,4.739999999999998,0.8099999999999999
242,7.862878787878788,0.29848484848484846
310,2.4780000000000015,1.204
696,1.7750000000000004,1.7813953488372092
501,6.6125000000000025,5.486363636363636
333,2.5500000000000007,1.9100000000000001
365,2.794999999999998,4.5200000000000005
753,3.591666666666665,2.625
230,10.098301886792452,2.0641509433962266
211,8.948148148148148,4.125925925925926
385,3.5625000000000036,2.110526315789474
165,1.482244897959184,3.995918367346939
188,5.437500000000002,2.5977272727272727
354,1.5399999999999991,4.835
638,3.0500000000000007,1.7813953488372092
34,0.601666666666663,1.2466666666666666
